param,estimate
p,0.0001489057160513698
q,1.9885515588990603
M_usd_millions,2927.381109094536
